website_name,city_pt,country_pt,city_en,country_en,city_es,country_es,city_loc,country_loc,city_loc2,country_loc2,flag,lula_votos_2o,lula_pct_2o,bolsonaro_votos_2o,bolsonaro_pct_2o,votos_validos,votos_total,anulados,anulados_sub_judice,nulos,nulos_pct,em_branco,em_branco_pct,anulados_e_apurados,anulados_e_apurados_pct,concorrentes_pct
AbidjÃ£,AbidjÃ£,Costa do Marfim,Abidjan,CÃ´te d'Ivoire,AbiyÃ¡n,Costa de Marfil,Abidjan,CÃ´te d'Ivoire,,,ğŸ‡¨ğŸ‡®,26,63.41,15,36.59,41,43,0,0,0,0.00,2,4.65,0,0.00,36.59
Abu Dhabi,Abu Dhabi,Emirados Arabes Unidos,Abu Dhabi,United Arab Emirates,Abu Dabi,Emiratos Ãrabes Unidos,Ø£Ø¨Ùˆ Ø¸Ø¨ÙŠ,Ø§Ù„Ø¥Ù…Ø§Ø±Ø§Øª Ø§Ù„Ø¹Ø±Ø¨ÙŠØ© Ø§Ù„Ù…ØªØ­Ø¯Ø©,,,ğŸ‡¦ğŸ‡ª,404,40.52,593,59.48,997,1050,0,0,27,2.57,26,2.48,0,0.00,59.48
Abuja,Abuja,NigÃ©ria,Abuja,Nigeria,Abuya,Nigeria,Abuja,Nigeria,Abuja,Najeriya,ğŸ‡³ğŸ‡¬,0,0.00,0,0.00,0,0,0,0,0,0.00,0,0.00,0,0.00,0.00
Accra,Acra,Gana,Accra,Ghana,Acra,Ghana,Accra,Ghana,,,ğŸ‡¬ğŸ‡­,14,77.78,4,22.22,18,18,0,0,0,0.00,0,0.00,0,0.00,22.22
Adis Abeba,Adis Abeba,EtiÃ³pia,Addis Ababa,Ethiopia,AdÃ­s Abeba,EtiopÃ­a,áŠ á‹²áˆµ áŠ á‰ á‰£,áŠ¢á‰µá‹®áŒµá‹«,,,ğŸ‡ªğŸ‡¹,0,0.00,0,0.00,0,0,0,0,0,0.00,0,0.00,0,0.00,0.00
AmsterdÃ£,AmsterdÃ£,Holanda,Amsterdam,Netherlands,Ãmsterdam,Holanda,Amsterdam,Nederland,,,ğŸ‡³ğŸ‡±,4511,78.41,1242,21.59,5753,5951,0,0,118,1.98,80,1.35,0,0.00,21.59
AmÃ£,AmÃ£,JordÃ¢nia,Amman,Jordan,AmÃ¡n,Jordania,Ø¹ÙÙ…ÙÙ‘Ø§Ù†,Ø§Ù„Ø£Ø±Ø¯Ù†,,,ğŸ‡¯ğŸ‡´,407,76.50,125,23.50,532,586,0,0,21,3.58,33,5.64,0,0.00,23.50
Ancara,Ancara,Turquia,Ankara,Turkey,Ankara,TurquÃ­a,Ankara,TÃ¼rkiye,,,ğŸ‡¹ğŸ‡·,20,71.43,8,28.57,28,28,0,0,0,0.00,0,0.00,0,0.00,28.57
Argel,Argel,ArgÃ©lia,Algiers,Algeria,Argel,Argelia,Ø§Ù„Ø¬Ø²Ø§Ø¦Ø±,Ø§Ù„Ø¬Ø²Ø§Ø¦Ø±,Alger,AlgÃ©rie,ğŸ‡©ğŸ‡¿,0,0.00,0,0.00,0,0,0,0,0,0.00,0,0.00,0,0.00,0.00
Artigas,Artigas,Uruguai,Artigas,Uruguay,Artigas,Uruguay,Artigas,Uruguay,,,ğŸ‡ºğŸ‡¾,125,29.98,292,70.02,417,428,0,0,5,1.17,6,1.40,0,0.00,70.02
AssunÃ§Ã£o,AssunÃ§Ã£o,Paraguai,AsunciÃ³n,Paraguay,AsunciÃ³n,Paraguay,AsunciÃ³n,Paraguay,Paraguay,ParaguÃ¡i,ğŸ‡µğŸ‡¾,317,25.63,920,74.37,1237,1289,0,0,20,1.55,32,2.48,0,0.00,74.37
Astana,Astana,CazaquistÃ£o,Astana,Kazakhstan,AstanÃ¡,KazajistÃ¡n,ĞÑÑ‚Ğ°Ğ½Ğ°,ÒšĞ°Ğ·Ğ°Ò›ÑÑ‚Ğ°Ğ½,,,ğŸ‡°ğŸ‡¿,0,0.00,0,0.00,0,0,0,0,0,0.00,0,0.00,0,0.00,0.00
Atenas,Atenas,GrÃ©cia,Athens,Greece,Atenas,Grecia,Î‘Î¸Î®Î½Î±,Î•Î»Î»Î¬Î´Î±,,,ğŸ‡¬ğŸ‡·,193,44.37,242,55.63,435,458,0,0,8,1.75,15,3.27,0,0.00,55.63
Atlanta,Atlanta,Estados Unidos,Atlanta,United States,Atlanta,Estados Unidos,Atlanta,United States,,,ğŸ‡ºğŸ‡¸,1180,25.92,3373,74.08,4553,4695,0,0,66,1.41,76,1.61,0,0.00,74.08
BagdÃ¡,BagdÃ¡,Iraque,Baghdad,Iraq,Bagdad,Irak,Ø¨ÙØºÙ’Ø¯ÙØ§Ø¯,Ø§Ù„Ø¹Ø±Ø§Ù‚,,,ğŸ‡®ğŸ‡¶,0,0.00,0,0.00,0,0,0,0,0,0.00,0,0.00,0,0.00,0.00
Baku,Baku,AzerbaijÃ£o,Baku,Azerbaijan,BakÃº,AzerbaiyÃ¡n,BakÄ±,AzÉ™rbaycan,Ø¨Ø§Ú©ÛŒ,Ø¢Ø°Ø±Ø¨Ø§ÛŒØ¬Ø§Ù† Ø¬ÙˆÙ…Ù‡ÙˆØ±ÛŒØªÛŒ,ğŸ‡¦ğŸ‡¿,0,0.00,0,0.00,0,0,0,0,0,0.00,0,0.00,0,0.00,0.00
Bamako,Bamako,Mali,Bamako,Mali,Bamako,MalÃ­,Bamako,Mali,,,ğŸ‡²ğŸ‡±,0,0.00,0,0.00,0,0,0,0,0,0.00,0,0.00,0,0.00,0.00
Bangkok,Bangkok,TailÃ¢ndia,Bangkok,Thailand,Bangkok,Tailandia,à¸à¸£à¸¸à¸‡à¹€à¸—à¸à¸¯,à¸›à¸£à¸°à¹€à¸—à¸¨à¹„à¸—à¸¢,,,ğŸ‡¹ğŸ‡­,47,48.45,50,51.55,97,103,0,0,3,2.91,3,2.92,0,0.00,51.55
Barcelona,Barcelona,Espanha,Barcelona,Spain,Barcelona,EspaÃ±a,Barcelona,EspaÃ±a,,,ğŸ‡ªğŸ‡¸,3246,75.51,1053,24.49,4299,4465,0,0,91,2.04,75,1.68,0,0.00,24.49
Barein,Manama,Barein,Manama,Bahrain,Manama,BarÃ©in,Ø§Ù„Ù…Ù†Ø§Ù…Ø©,Ø§Ù„Ø¨Ø­Ø±ÙŠÙ†,,,ğŸ‡§ğŸ‡­,11,30.56,25,69.44,36,40,0,0,4,10.00,0,0.00,0,0.00,69.44
Beirute,Beirute,LÃ­bano,Beirut,Lebanon,Beirut,LÃ­bano,Ø¨ÙŠØ±ÙˆØª,Ù„Ø¨Ù†Ø§Ù†,Beyrouth,Liban,ğŸ‡±ğŸ‡§,1591,59.14,1099,40.86,2690,2825,0,0,59,2.09,76,2.69,0,0.00,40.86
Belgrado,Belgrado,SÃ©rvia,Belgrade,Serbia,Belgrado,Serbia,Ğ‘ĞµĞ¾Ğ³Ñ€Ğ°Ğ´,Ğ¡Ñ€Ğ±Ğ¸Ñ˜Ğ°,Beograd,Srbija,ğŸ‡·ğŸ‡¸,36,75.00,12,25.00,48,50,0,0,2,4.00,0,0.00,0,0.00,25.00
Belmopan,Belmopan,Belize,Belmopan,Belize,BelmopÃ¡n,Belice,Belmopan,Belize,,,ğŸ‡§ğŸ‡¿,0,0.00,0,0.00,0,0,0,0,0,0.00,0,0.00,0,0.00,0.00
Berlim,Berlim,Alemanha,Berlin,Germany,Berlina,Alemania,Berlin,Deutschland,,,ğŸ‡©ğŸ‡ª,6206,85.99,1011,14.01,7217,7407,0,0,122,1.65,68,0.92,0,0.00,14.01
Bissau,Bissau,GuinÃ©-Bissau,Bissau,Guinea-Bissau,BisÃ¡u,Guinea-BisÃ¡u,Bissau,GuinÃ©-Bissau,,,ğŸ‡¬ğŸ‡¼,20,44.44,25,55.56,45,45,0,0,0,0.00,0,0.00,0,0.00,55.56
BogotÃ¡,BogotÃ¡,ColÃ´mbia,BogotÃ¡,Colombia,BogotÃ¡,Colombia,BogotÃ¡,Colombia,,,ğŸ‡¨ğŸ‡´,380,56.46,293,43.54,673,715,0,0,11,1.54,31,4.33,0,0.00,43.54
Boston,Boston,Estados Unidos,Boston,United States,Boston,Estados Unidos,Boston,United States,,,ğŸ‡ºğŸ‡¸,3508,24.25,10960,75.75,14468,14817,0,0,174,1.17,175,1.19,0,0.00,75.75
Bratislava,Bratislava,EslovÃ¡quia,Bratislava,Slovakia,Bratislava,Eslovaquia,Bratislava,Slovensko,,,ğŸ‡¸ğŸ‡°,43,69.35,19,30.65,62,72,0,0,6,8.33,4,5.56,0,0.00,30.65
Brazzaville,Brazzaville,RepÃºblica do Congo,Brazzaville,Republic of the Congo,Brazzaville,RepÃºblica del Congo,Brazzaville,RÃ©publique du Congo,Brazzaville,KongÃ³-Brazzaville,ğŸ‡¨ğŸ‡¬,0,0.00,0,0.00,0,0,0,0,0,0.00,0,0.00,0,0.00,0.00
Bridgetown,Bridgetown,Barbados,Bridgetown,Barbados,Bridgetown,Barbados,Bridgetown,Barbados,,,ğŸ‡§ğŸ‡§,0,0.00,0,0.00,0,0,0,0,0,0.00,0,0.00,0,0.00,0.00
Bruxelas,Bruxelas,BÃ©lgica,Brussels,Belgium,Bruselas,BÃ©lgica,Bruxelles,Belgique,Brussel,BelgiÃ«,ğŸ‡§ğŸ‡ª,2115,59.43,1444,40.57,3559,3689,0,0,72,1.95,58,1.57,0,0.00,40.57
Bucareste,Bucareste,RomÃªnia,Bucharest,Romania,Bucarest,Rumania,BucureÈ™ti,RomÃ¢nia,,,ğŸ‡·ğŸ‡´,38,66.67,19,33.33,57,60,0,0,3,5.00,0,0.00,0,0.00,33.33
Budapeste,Budapesta,Hungria,Budapest,Hungary,Budapest,HungrÃ­a,Budapest,MagyarorszÃ¡g,,,ğŸ‡­ğŸ‡º,481,85.28,83,14.72,564,579,0,0,7,1.21,8,1.38,0,0.00,14.72
Buenos Aires,Buenos Aires,Argentina,Buenos Aires,Argentina,Buenos Aires,Argentina,Buenos Aires,Argentina,,,ğŸ‡¦ğŸ‡·,4373,66.13,2240,33.87,6613,6770,0,0,79,1.17,78,1.15,0,0.00,33.87
Caiena,Caiena,FranÃ§a,Cayenne,France,Cayena,Francia,Cayenne,France,,,ğŸ‡«ğŸ‡·,598,45.30,722,54.70,1320,1379,0,0,26,1.89,33,2.39,0,0.00,54.70
Cairo,Cairo,Egito,Cairo,Egypt,El Cairo,Egipto,Ø§Ù„Ù‚Ø§Ù‡Ø±Ø©â€,Ù…ØµØ±â€,,,ğŸ‡ªğŸ‡¬,46,66.67,23,33.33,69,73,0,0,2,2.74,2,2.74,0,0.00,33.33
Camberra,Camberra,AustrÃ¡lia,Canberra,Australia,Canberra,Australia,Canberra,Australia,,,ğŸ‡¦ğŸ‡º,1264,64.06,709,35.94,1973,2088,0,0,71,3.40,44,2.11,0,0.00,35.94
CantÃ£o,CantÃ£o,China,Guangzhou,China,CantÃ³n,China,å¹¿å·,ä¸­å›½,å»£å·,ä¸­åœ‹,ğŸ‡¨ğŸ‡³,27,30.68,61,69.32,88,92,0,0,3,3.26,1,1.09,0,0.00,69.32
Caracas,Caracas,Venezuela,Caracas,Venezuela,Caracas,Venezuela,Caracas,Venezuela,,,ğŸ‡»ğŸ‡ª,0,0.00,6,100.00,6,6,0,0,0,0.00,0,0.00,0,0.00,100.00
Castries,Castries,Santa LÃºcia,Castries,Saint Lucia,Castries,Santa Lucia,Castries,Saint Lucia,,,ğŸ‡±ğŸ‡¨,0,0.00,0,0.00,0,0,0,0,0,0.00,0,0.00,0,0.00,0.00
Chicago,Chicago,Estados Unidos,Chicago,United States,Chicago,Estados Unidos,Chicago,United States,,,ğŸ‡ºğŸ‡¸,1586,55.90,1251,44.10,2837,2951,0,0,60,2.03,54,1.83,0,0.00,44.10
Chuy,Chuy,Uruguai,Chuy,Uruguay,Chuy,Uruguay,Chuy,Uruguay,,,ğŸ‡ºğŸ‡¾,0,0.00,0,0.00,0,0,0,0,0,0.00,0,0.00,0,0.00,0.00
Cidade do Cabo,Cidade do Cabo,Africa do Sul,Cape Town,South Africa,Ciudad del Cabo,SudÃ¡frica,Kaapstad,Suid-Afrika,iKapa,uMzantsi Afrika,ğŸ‡¿ğŸ‡¦,100,61.73,62,38.27,162,171,0,0,8,4.68,1,0.58,0,0.00,38.27
Ciudad Del Este,Ciudad del Este,Paraguai,Ciudad del Este,Paraguay,Ciudad del Este,Paraguay,Ciudad del Este,Paraguay,TÃ¡va Kuarahyresáº½me,ParaguÃ¡i,ğŸ‡µğŸ‡¾,238,8.05,2719,91.95,2957,3006,0,0,24,0.80,25,0.83,0,0.00,91.95
Ciudad Guayana,Ciudad Guayana,Venezuela,Ciudad Guayana,Venezuela,Ciudad Guayana,Venezuela,Ciudad Guayana,Venezuela,,,ğŸ‡»ğŸ‡ª,0,0.00,0,0.00,0,0,0,0,0,0.00,0,0.00,0,0.00,0.00
Cobija,Cobija,BolÃ­via,Cobija,Bolivia,Cobija,Bolivia,Cobija,Bolivia,Kuwiha,Buliwya,ğŸ‡§ğŸ‡´,0,0.00,0,0.00,0,0,0,0,0,0.00,0,0.00,0,0.00,0.00
Cochabamba,Cochabamba,BolÃ­via,Cochabamba,Bolivia,Cochabamba,Bolivia,Cochabamba,Bolivia,Quchapampa,Buliwya,ğŸ‡§ğŸ‡´,101,37.41,169,62.59,270,274,0,0,2,0.73,2,0.73,0,0.00,62.59
Colombo,Colombo,Sri Lanka,Colombo,Sri Lanka,Colombo,Sri Lanka,à¶šà·œà·…à¶¹,à·à·Šâ€à¶»à·“ à¶½à¶‚à¶šà·,à®•à¯Šà®´à¯à®®à¯à®ªà¯,à®‡à®²à®™à¯à®•à¯ˆ,ğŸ‡±ğŸ‡°,0,0.00,0,0.00,0,0,0,0,0,0.00,0,0.00,0,0.00,0.00
Conacri,Conacri,GuinÃ©,Conakry,Guinea,Conakri,Guinea,Conakry,GuinÃ©e,,,ğŸ‡¬ğŸ‡³,0,0.00,0,0.00,0,0,0,0,0,0.00,0,0.00,0,0.00,0.00
ConcepciÃ³n,ConcepciÃ³n,Chile,ConcepciÃ³n,Chile,ConcepciÃ³n,Chile,ConcepciÃ³n,Chile,,,ğŸ‡¨ğŸ‡±,3,8.57,32,91.43,35,35,0,0,0,0.00,0,0.00,0,0.00,91.43
Copenhague,Copenhague,Dinamarca,Copenhagen,Denmark,Copenhague,Dinamarca,KÃ¸benhavn,Danmark,,,ğŸ‡©ğŸ‡°,1047,84.10,198,15.90,1245,1306,0,0,32,2.45,29,2.22,0,0.00,15.90
Cotonou,Cotonu,Benim,Cotonou,Benin,CotonÃº,BenÃ­n,Cotonou,BÃ©nin,,,ğŸ‡§ğŸ‡¯,0,0.00,0,0.00,0,0,0,0,0,0.00,0,0.00,0,0.00,0.00
CÃ³rdoba,CÃ³rdoba,Argentina,CÃ³rdoba,Argentina,CÃ³rdoba,Argentina,CÃ³rdoba,Argentina,,,ğŸ‡¦ğŸ‡·,180,52.79,161,47.21,341,355,0,0,8,2.25,6,1.69,0,0.00,47.21
Dacar,Dacar,Senegal,Dakar,Senegal,Dakar,Senegal,Dakar,SÃ©nÃ©gal,,,ğŸ‡¸ğŸ‡³,39,58.21,28,41.79,67,68,0,0,1,1.47,0,0.00,0,0.00,41.79
Damasco,Damasco,SÃ­rio,Damascus,Syria,Damasco,Siria,Ø¯Ù…Ø´Ù‚,Ø³ÙˆØ±ÙŠØ§,,,ğŸ‡¸ğŸ‡¾,0,0.00,0,0.00,0,0,0,0,0,0.00,0,0.00,0,0.00,0.00
Dar Es Salaam,Dar es Salaam,TanzÃ¢nia,Dar es Salaam,Tanzania,Dar es-Salam,Tanzania,Dar es Salaam,Tanzania,,,ğŸ‡¹ğŸ‡¿,6,75.00,2,25.00,8,8,0,0,0,0.00,0,0.00,0,0.00,25.00
Doha,Doha,Catar,Doha,Qatar,Doha,Catar,Ø§Ù„Ø¯ÙˆØ­Ø©,Ù‚Ø·Ø±,,,ğŸ‡¶ğŸ‡¦,151,40.59,221,59.41,372,383,0,0,6,1.57,5,1.30,0,0.00,59.41
Dublin,Dublin,Irlandia,Dublin,Ireland,DublÃ­n,Irlanda,Baile Ãtha Cliath,Ã‰ire,Dublin,Ireland,ğŸ‡®ğŸ‡ª,6023,81.81,1339,18.19,7362,7492,0,0,78,1.04,52,0.70,0,0.00,18.19
DÃ­li,DÃ­li,Timor-Leste,Dili,Timor-Leste,Dili,Timor-Leste,DÃ­li,TimÃ³r-Leste,,,ğŸ‡¹ğŸ‡±,22,37.29,37,62.71,59,63,0,0,1,1.59,3,4.76,0,0.00,62.71
EncarnaciÃ³n,EncarnaciÃ³n,Paraguai,EncarnaciÃ³n,Paraguay,EncarnaciÃ³n,Paraguay,EncarnaciÃ³n,Paraguay,EnkarnasiÃµ,ParaguÃ¡i,ğŸ‡µğŸ‡¾,16,11.68,121,88.32,137,139,0,0,0,0.00,2,1.44,0,0.00,88.32
Estocolmo,Estocolimo,SuÃ©cia,Stockholm,Sweden,Estocolmo,Suecia,Stockholm,Sverige,,,ğŸ‡¸ğŸ‡ª,1785,76.71,542,23.29,2327,2432,0,0,41,1.69,64,2.63,0,0.00,23.29
Faro,Faro,Portugal,Faro,Portugal,Faro,Portugal,Faro,Portugal,,,ğŸ‡µğŸ‡¹,934,52.00,862,48.00,1796,1872,0,0,42,2.24,34,1.82,0,0.00,48.00
Frankfurt,Frankfurt,Alemanha,Frankfurt,Germany,FrÃ¡ncfort,Alemania,Frankfurt,Deutschland,,,ğŸ‡©ğŸ‡ª,3647,71.51,1453,28.49,5100,5268,0,0,98,1.86,70,1.33,0,0.00,28.49
Gaborone,Gaborone,Botswana,Gaborone,Botswana,Gaborone,Botsuana,Gaborone,Botswana,,,ğŸ‡§ğŸ‡¼,0,0.00,0,0.00,0,0,0,0,0,0.00,0,0.00,0,0.00,0.00
Genebra,Genebra,SuiÃ§a,Geneva,Switzerland,Ginebra,Suiza,GenÃ¨ve,Suisse,Genf,Schweiz,ğŸ‡¨ğŸ‡­,2320,50.45,2279,49.55,4599,4780,0,0,86,1.80,95,1.99,0,0.00,49.55
Georgetown,Georgetown,Guiana,Georgetown,Guyana,Georgetown,Guyana,Georgetown,Guyana,,,ğŸ‡¬ğŸ‡¾,8,12.12,58,87.88,66,68,0,0,1,1.47,1,1.47,0,0.00,87.88
Guatemala,Guatemala,Guatemala,Guatemala,Guatemala,Guatemala,Guatemala,Guatemala,Guatemala,,,ğŸ‡¬ğŸ‡¹,35,24.48,108,75.52,143,145,0,0,2,1.38,0,0.00,0,0.00,75.52
Hamamatsu,Hamamatsu,JapÃ¢o,Hamamatsu,Japan,Hamamatsu,JapÃ³n,æµœæ¾,æ—¥æœ¬,,,ğŸ‡¯ğŸ‡µ,841,14.61,4916,85.39,5757,6158,0,0,177,2.87,224,3.64,0,0.00,85.39
HanÃ³i,HanÃ³i,VietnÃ£,Hanoi,Vietnam,HanÃ³i,Vietnam,HÃ  Ná»™i,Viá»‡t Nam,,,ğŸ‡»ğŸ‡³,13,68.42,6,31.58,19,19,0,0,0,0.00,0,0.00,0,0.00,31.58
Harare,Harare,ZimbÃ¡bue,Harare,Zimbabwe,Harare,Zimbabue,Harare,Zimbabwe,,,ğŸ‡¿ğŸ‡¼,0,0.00,0,0.00,0,0,0,0,0,0.00,0,0.00,0,0.00,0.00
Hartford,Hartford,Estados Unidos,Hartford,United States,Hartford,Estados Unidos,Hartford,United States,,,ğŸ‡ºğŸ‡¸,525,36.01,933,63.99,1458,1502,0,0,21,1.40,23,1.53,0,0.00,63.99
Havana,Havana,Cuba,Havana,Cuba,La Habana,Cuba,La Habana,Cuba,,,ğŸ‡¨ğŸ‡º,32,100.00,0,0.00,32,32,0,0,0,0.00,0,0.00,0,0.00,0.00
Helsinque,Helsinque,FinlÃ¢ndia,Helsinki,Finland,Helsinki,Finlandia,Helsinki,Suomi,Helsingfors,Finland,ğŸ‡«ğŸ‡®,444,73.15,163,26.85,607,634,0,0,9,1.42,18,2.84,0,0.00,26.85
Hong Kong,Hong Kong,China,Hong Kong,China,Hong Kong,China,é¦™æ¸¯,ä¸­åœ‹,é¦™æ¸¯,ä¸­å›½,ğŸ‡­ğŸ‡°,80,45.71,95,54.29,175,194,0,0,8,4.12,11,5.67,0,0.00,54.29
Houston,Houston,Estados Unidos,Houston,United States,Houston,Estados Unidos,Houston,United States,,,ğŸ‡ºğŸ‡¸,1458,34.66,2748,65.34,4206,4413,0,0,112,2.54,95,2.15,0,0.00,65.34
IaundÃª,IaundÃª,CamarÃµes,YaoundÃ©,Cameroon,YaundÃ©,CamerÃºn,YaoundÃ©,Cameroun,,,ğŸ‡¨ğŸ‡²,0,0.00,0,0.00,0,0,0,0,0,0.00,0,0.00,0,0.00,0.00
Ierevan,Ierevan,ArmÃ©nia,Yerevan,Armenia,ErevÃ¡n,Armenia,ÔµÖ€Ö‡Õ¡Õ¶,Õ€Õ¡ÕµÕ¡Õ½Õ¿Õ¡Õ¶,,,ğŸ‡¦ğŸ‡²,0,0.00,0,0.00,0,0,0,0,0,0.00,0,0.00,0,0.00,0.00
Iquitos,Iquitos,Peru,Iquitos,Peru,Iquitos,PerÃº,Iquitos,PerÃº,,,ğŸ‡µğŸ‡ª,0,0.00,0,0.00,0,0,0,0,0,0.00,0,0.00,0,0.00,0.00
Islamabade,Islamabade,PaquistÃ£o,Islamabad,Pakistan,Islamabad,PakistÃ¡n,Ø§Ø³Ù„Ø§Ù… Ø¢Ø¨Ø§Ø¯,Ù¾Ø§Ú©Ø³ØªØ§Ù†,Ø§Ø³Ù„Ø§Ù… Ø¢Ø¨Ø§Ø¯,Ù¾Ø§Ú©Ø³ØªØ§Ù†,ğŸ‡µğŸ‡°,0,0.00,0,0.00,0,0,0,0,0,0.00,0,0.00,0,0.00,0.00
Istambul,Istambul,Turquia,Istanbul,Turkey,Estambul,TurquÃ­a,Ä°stanbul,TÃ¼rkiye,,,ğŸ‡¹ğŸ‡·,76,63.33,44,36.67,120,122,0,0,1,0.82,1,0.82,0,0.00,36.67
Jacarta,Jacarta,IndonÃ©sia,Jakarta,Indonesia,Yakarta,Indonesia,Jakarta,Indonesia,Jakarta,IndonesiÃ«,ğŸ‡®ğŸ‡©,15,31.91,32,68.09,47,48,0,0,1,2.08,0,0.00,0,0.00,68.09
Katmandu,Katmandu,Nepal,Kathmandu,Nepal,KatmandÃº,Nepal,à¤•à¤¾à¤ à¤®à¤¾à¤¡à¥Œà¤,à¤¨à¥‡à¤ªà¤¾à¤²,,,ğŸ‡³ğŸ‡µ,2,13.33,13,86.67,15,15,0,0,0,0.00,0,0.00,0,0.00,86.67
Kiev,Kiev,UcrÃ¢nia,Kyiv,Ukraine,Kiev,Ucrania,ĞšĞ¸Ñ—Ğ²,Ğ£ĞºÑ€Ğ°Ñ—Ğ½Ğ°,,,ğŸ‡ºğŸ‡¦,0,0.00,0,0.00,0,0,0,0,0,0.00,0,0.00,0,0.00,0.00
Kingston-Jamaica,Kingston,Jamaica,Kingston,Jamaica,Kingston,Jamaica,Kingston,Jamaica,,,ğŸ‡¯ğŸ‡²,11,52.38,10,47.62,21,21,0,0,0,0.00,0,0.00,0,0.00,47.62
Kinshasa,Kinshasa,RepÃºblica DemocrÃ¡tica do Congo,Kinshasa,Democratic Republic of the Congo,Kinsasa,RepÃºblica DemocrÃ¡tica del Congo,Kinshasa,RÃ©publique_dÃ©mocratique_du_Congo,KinsÃ¡sÃ¡,KongÃ³-KinsÃ¡sÃ¡,ğŸ‡¨ğŸ‡©,1,10.00,9,90.00,10,10,0,0,0,0.00,0,0.00,0,0.00,90.00
Kuaite,Kuaite,Kuaite,Kuwait,Kuwait,Kuwait,Kuwait,Ø§Ù„ÙƒÙˆÙŠØª,Ø§Ù„ÙƒÙˆÙŠØª,,,ğŸ‡°ğŸ‡¼,10,25.64,29,74.36,39,44,0,0,5,11.36,0,0.00,0,0.00,74.36
Kuala Lumpur,Kuala Lumpur,MalÃ¡sia,Kuala Lumpur,Malaysia,Kuala Lumpur,Malasia,Kuala Lumpur,Malaysia,ÙƒÙˆØ§Ù„Ø§ Ù„Ù…Ú¤ÙˆØ±,Ù…Ù„ÙŠØ³ÙŠØ§,ğŸ‡²ğŸ‡¾,32,55.17,26,44.83,58,58,0,0,0,0.00,0,0.00,0,0.00,44.83
La Paz,La Paz,BolÃ­via,La Paz,Bolivia,La Paz,Bolivia,La Paz,Bolivia,Chuqiyapu,Buliwya,ğŸ‡§ğŸ‡´,74,37.00,126,63.00,200,213,0,0,8,3.76,5,2.34,0,0.00,63.00
Lagos,Lagos,NigÃ©ria,Lagos,Nigeria,Lagos,Nigeria,Lagos,Nigeria,ÃˆkÃ³,NÃ Ã¬jÃ­rÃ­Ã ,ğŸ‡³ğŸ‡¬,21,84.00,4,16.00,25,26,0,0,1,3.85,0,0.00,0,0.00,16.00
Libreville,Libreville,GabÃ£o,Libreville,Gabon,Libreville,GabÃ³n,Libreville,Gabon,,,ğŸ‡¬ğŸ‡¦,0,0.00,0,0.00,0,0,0,0,0,0.00,0,0.00,0,0.00,0.00
Lilongue,Lilongue,MalÃ¡ui,Lilongwe,Malawi,LilongÃ¼e,Malaui,Lilongwe,Malawi,Lilongwe,MalaÅµi,ğŸ‡²ğŸ‡¼,0,0.00,0,0.00,0,0,0,0,0,0.00,0,0.00,0,0.00,0.00
Lima,Lima,Peru,Lima,Peru,Lima,PerÃº,Lima,PerÃº,,,ğŸ‡µğŸ‡ª,314,42.20,430,57.80,744,771,0,0,10,1.30,17,2.20,0,0.00,57.80
Lisboa,Lisboa,Portugal,Lisbon,Portugal,Lisboa,Portugal,Lisboa,Portugal,,,ğŸ‡µğŸ‡¹,12872,64.50,7085,35.50,19957,20505,0,0,286,1.39,262,1.28,0,0.00,35.50
Liubliana,Liubliana,EslovÃªnia,Ljubljana,Slovenia,Liubliana,Eslovenia,Ljubljana,Slovenija,,,ğŸ‡¸ğŸ‡®,52,71.23,21,28.77,73,79,0,0,4,5.06,2,2.53,0,0.00,28.77
LomÃ©,LomÃ©,Togo,LomÃ©,Togo,LomÃ©,Togo,LomÃ©,Togo,,,ğŸ‡¹ğŸ‡¬,0,0.00,0,0.00,0,0,0,0,0,0.00,0,0.00,0,0.00,0.00
Londres,Londres,Reino Unido,London,United Kingdon,Londres,Reino Unido,London,United Kingdon,,,ğŸ‡¬ğŸ‡§,9064,60.15,6004,39.85,15068,15459,0,0,212,1.37,179,1.16,0,0.00,39.85
Los Angeles,Los Angeles,Estados Unidos,Los Angeles,United States,Los Ãngeles,Estados Unidos,Los Angeles,United States,,,ğŸ‡ºğŸ‡¸,1955,49.26,2014,50.74,3969,4133,0,0,88,2.13,76,1.84,0,0.00,50.74
Luanda,Luanda,Angola,Luanda,Angola,Luanda,Angola,Luanda,Angola,,,ğŸ‡¦ğŸ‡´,124,55.61,99,44.39,223,230,0,0,5,2.17,2,0.87,0,0.00,44.39
Lusaca,Lusaca,ZÃ¢mbia,Lusaka,Zambia,Lusaka,Zambia,Lusaka,Zambia,,,ğŸ‡¿ğŸ‡²,13,92.86,1,7.14,14,14,0,0,0,0.00,0,0.00,0,0.00,7.14
Madri,Madri,Espanha,Madrid,Spain,Madrid,EspaÃ±a,Madrid,EspaÃ±a,,,ğŸ‡ªğŸ‡¸,3078,56.09,2410,43.91,5488,5769,0,0,160,2.77,121,2.10,0,0.00,43.91
Malabo,Malabo,GuinÃ© Equatorial,Malabo,Equatorial Guinea,Malabo,Guinea Ecuatorial,Malabo,Guinea Ecuatorial,Malabo,GuinÃ© Equatorial,ğŸ‡¬ğŸ‡¶,0,0.00,0,0.00,0,0,0,0,0,0.00,0,0.00,0,0.00,0.00
Manila,Manila,Filipinas,Manila,Philippines,Manila,Filipinas,Maynila,Pilipinas,,,ğŸ‡µğŸ‡­,22,39.29,34,60.71,56,56,0,0,0,0.00,0,0.00,0,0.00,60.71
ManÃ¡gua,ManÃ¡gua,NicarÃ¡gua,Managua,Nicaragua,Managua,Nicaragua,Managua,Nicaragua,,,ğŸ‡³ğŸ‡®,34,47.22,38,52.78,72,77,0,0,4,5.19,1,1.30,0,0.00,52.78
Maputo,Maputo,MoÃ§ambique,Maputo,Mozambique,Maputo,Mozambique,Maputo,MoÃ§ambique,,,ğŸ‡²ğŸ‡¿,140,45.75,166,54.25,306,326,0,0,13,3.99,7,2.14,0,0.00,54.25
Mascate,Mascate,OmÃ£,Muscat,Oman,Mascate,OmÃ¡n,Ù…Ø³Ù‚Ø·,Ø³Ù„Ø·Ù†Ø© Ø¹Ù…Ø§Ù†,,,ğŸ‡´ğŸ‡²,14,30.43,32,69.57,46,46,0,0,0,0.00,0,0.00,0,0.00,69.57
Mendoza,Mendoza,Argentina,Mendoza,Argentina,Mendoza,Argentina,Mendoza,Argentina,,,ğŸ‡¦ğŸ‡·,56,38.89,88,61.11,144,150,0,0,4,2.67,2,1.33,0,0.00,61.11
Mexico,MÃ©xico,MÃ©xico,Mexico,Mexico,MÃ©xico,MÃ©xico,MÃ©xico,MÃ©xico,,,ğŸ‡²ğŸ‡½,633,47.63,696,52.37,1329,1385,0,0,38,2.74,18,1.30,0,0.00,52.37
Miami,Miami,Estados Unidos,Miami,United States,Miami,Estados Unidos,Miami,United States,,,ğŸ‡ºğŸ‡¸,3058,18.82,13187,81.18,16245,16732,0,0,259,1.55,228,1.36,0,0.00,81.18
MilÃ£o,MilÃ£o,ItÃ¡lia,Milan,Italy,MilÃ¡n,Italia,Milano,Italia,,,ğŸ‡®ğŸ‡¹,3371,52.55,3044,47.45,6415,6639,0,0,113,1.70,111,1.67,0,0.00,47.45
MontevidÃ©u,MontevidÃ©u,Uruguai,Montevideo,Uruguay,Montevideo,Uruguay,Montevideo,Uruguay,,,ğŸ‡ºğŸ‡¾,745,57.98,540,42.02,1285,1400,0,0,42,3.00,73,5.21,0,0.00,42.02
Montreal,Montreal,CanadÃ¡,Montreal,Canada,Montreal,CanadÃ¡,MontrÃ©al,Canada,,,ğŸ‡¨ğŸ‡¦,3871,68.98,1741,31.02,5612,5896,0,0,182,3.09,102,1.73,0,0.00,31.02
Moscou,Moscou,RÃºssia,Moscow,Russia,MoscÃº,Rusia,ĞœĞ¾ÑĞºĞ²Ğ°,Ğ Ğ¾ÑÑĞ¸Ñ,,,ğŸ‡·ğŸ‡º,46,66.67,23,33.33,69,70,0,0,1,1.43,0,0.00,0,0.00,33.33
Mumbai,Mumbai,Ãndia,Mumbai,India,Mumbai,India,à¤®à¥à¤‚à¤¬à¤ˆ,à¤­à¤¾à¤°à¤¤,,,ğŸ‡®ğŸ‡³,11,73.33,4,26.67,15,15,0,0,0,0.00,0,0.00,0,0.00,26.67
Munique,Munique,Alemanha,Munich,Germany,MÃºnich,Alemania,MÃ¼nchen,Deutschland,,,ğŸ‡©ğŸ‡ª,3534,69.39,1559,30.61,5093,5290,0,0,112,2.12,85,1.60,0,0.00,30.61
NagÃ³ia,NagÃ³ia,JapÃ¢o,Nagoya,Japan,Nagoya,JapÃ³n,ç»å¤å±‹,æ—¥æœ¬,,,ğŸ‡¯ğŸ‡µ,2117,14.28,12704,85.72,14821,15808,0,0,423,2.68,564,3.56,0,0.00,85.72
NairÃ³bi,NairÃ³bi,QuÃ©nia,Nairobi,Kenya,Nairobi,Kenia,Nairobi,Kenya,,,ğŸ‡°ğŸ‡ª,35,58.33,25,41.67,60,60,0,0,0,0.00,0,0.00,0,0.00,41.67
Nassau,Nassau,Bahamas,Nassau,Bahamas,NasÃ¡u,Bahamas,Nassau,Bahamas,,,ğŸ‡§ğŸ‡¸,9,39.13,14,60.87,23,25,0,0,2,8.00,0,0.00,0,0.00,60.87
Nicosia,NicÃ³sia,Chipre,Nicosia,Cyprus,Nicosia,Chipre,Î›ÎµÏ…ÎºÏ‰ÏƒÎ¯Î±,ÎšÏÏ€ÏÎ¿Ï‚,LefkoÅŸa,KÄ±brÄ±s,ğŸ‡¨ğŸ‡¾,15,62.50,9,37.50,24,29,0,0,4,13.79,1,3.45,0,0.00,37.50
Nova Delhi,Nova Delhi,India,New Delhi,India,Nueva Delhi,India,à¤¨à¤ˆ à¤¦à¤¿à¤²à¥à¤²à¥€,à¤­à¤¾à¤°à¤¤,à¨¨à¨µà©€à¨‚ à¨¦à¨¿à©±à¨²à©€,à¨­à¨¾à¨°à¨¤,ğŸ‡®ğŸ‡³,23,62.16,14,37.84,37,39,0,0,1,2.56,1,2.57,0,0.00,37.84
Nova York,Nova York,Estados Unidos,New York,United States,Nueva York,Estados Unidos,New York,United States,,,ğŸ‡ºğŸ‡¸,5331,46.77,6068,53.23,11399,11793,0,0,203,1.72,191,1.62,0,0.00,53.23
Oslo,Oslo,Noruega,Oslo,Norway,Oslo,Noruega,Oslo,Norge,,,ğŸ‡³ğŸ‡´,628,76.12,197,23.88,825,862,0,0,21,2.44,16,1.85,0,0.00,23.88
Ottawa,Ottawa,CanadÃ¡,Ottawa,Canada,Ottawa,CanadÃ¡,Ottawa,Canada,,,ğŸ‡¨ğŸ‡¦,680,64.09,381,35.91,1061,1153,0,0,46,3.99,46,3.99,0,0.00,35.91
Panama,PanamÃ¡,PanamÃ¡,Panama,Panama,PanamÃ¡,PanamÃ¡,PanamÃ¡,PanamÃ¡,,,ğŸ‡µğŸ‡¦,252,39.13,392,60.87,644,674,0,0,15,2.23,15,2.22,0,0.00,60.87
Paramaribo,Paramaribo,Suriname,Paramaribo,Suriname,Paramaribo,Surinam,Paramaribo,Suriname,,,ğŸ‡¸ğŸ‡·,131,27.01,354,72.99,485,502,0,0,10,1.99,7,1.40,0,0.00,72.99
Paris,Paris,FranÃ§a,Paris,France,ParÃ­s,Francia,Paris,France,,,ğŸ‡«ğŸ‡·,7885,82.94,1622,17.06,9507,9696,0,0,99,1.02,90,0.93,0,0.00,17.06
Paso Los Libres,Paso de los Libres,Argentina,Paso de los Libres,Argentina,Paso de los Libres,Argentina,Paso de los Libres,Argentina,,,ğŸ‡¦ğŸ‡·,0,0.00,0,0.00,0,0,0,0,0,0.00,0,0.00,0,0.00,0.00
Pedro Juan Caballero,Pedro Juan Caballero,Paraguai,Pedro Juan Caballero,Paraguay,Pedro Juan Caballero,Paraguay,Pedro Juan Caballero,Paraguay,,,ğŸ‡µğŸ‡¾,98,27.37,260,72.63,358,377,0,0,8,2.12,11,2.92,0,0.00,72.63
Pequim,Pequim,China,Beijing,China,PekÃ­n,China,åŒ—äº¬,ä¸­å›½,åŒ—äº¬,ä¸­åœ‹,ğŸ‡¨ğŸ‡³,47,67.14,23,32.86,70,75,0,0,3,4.00,2,2.67,0,0.00,32.86
Port Of Spain,Porto da Espanha,Trindade e Tobago,Port Of Spain,Trinidad and Tobago,Puerto EspaÃ±a,Trinidad y Tobago,Port Of Spain,Trinidad and Tobago,,,ğŸ‡¹ğŸ‡¹,16,51.61,15,48.39,31,32,0,0,0,0.00,1,3.12,0,0.00,48.39
Porto,Porto,Portugal,Porto,Portugal,Oporto,Portugal,Porto,Portugal,,,ğŸ‡µğŸ‡¹,9450,64.80,5134,35.20,14584,15124,0,0,239,1.58,301,1.99,0,0.00,35.20
Porto PrÃ­ncipe,Porto PrÃ­ncipe,Haiti,Port-au-Prince,Haiti,Puerto PrÃ­ncipe,HaitÃ­,Port-au-Prince,HaÃ¯ti,PÃ²toprens,Ayiti,ğŸ‡­ğŸ‡¹,2,40.00,3,60.00,5,5,0,0,0,0.00,0,0.00,0,0.00,60.00
Praga,Praga,RepÃºblica Tcheca,Prague,Czech Republic,Praga,RepÃºblica_Checa,Praha,ÄŒesko,,,ğŸ‡¨ğŸ‡¿,286,79.67,73,20.33,359,388,0,0,17,4.38,12,3.09,0,0.00,20.33
Praia,Praia,Cabo Verde,Praia,Cape Verde,Praia,Cabo Verde,Praia,Cabo Verde,,,ğŸ‡¨ğŸ‡¦,40,64.52,22,35.48,62,67,0,0,1,1.49,4,5.97,0,0.00,35.48
PretÃ³ria,PretÃ³ria,Africa do Sul,Pretoria,South Africa,Pretoria,SudÃ¡frica,Pretoria,Suid-Afrika,Pretoria,Afrika Borwa,ğŸ‡¿ğŸ‡¦,83,28.62,207,71.38,290,304,0,0,4,1.32,10,3.29,0,0.00,71.38
Puerto IguazÃº,Puerto IguazÃº,Argentina,Puerto IguazÃº,Argentina,Puerto IguazÃº,Argentina,Puerto IguazÃº,Argentina,,,ğŸ‡¦ğŸ‡·,5,100.00,0,0.00,5,5,0,0,0,0.00,0,0.00,0,0.00,0.00
Puerto Quijarro,Puerto Quijarro,BolÃ­via,Puerto Quijarro,Bolivia,Puerto Quijarro,Bolivia,Puerto Quijarro,Bolivia,,,ğŸ‡§ğŸ‡´,0,0.00,0,0.00,0,0,0,0,0,0.00,0,0.00,0,0.00,0.00
Quito,Quito,Equador,Quito,Ecuador,Quito,Ecuador,Quito,Ecuador,,,ğŸ‡ªğŸ‡¨,115,31.08,255,68.92,370,393,0,0,13,3.31,10,2.54,0,0.00,68.92
Rabat,Rabat,Marrocos,Rabat,Morocco,Rabat,Marruecos,Ø§Ù„Ø±Ø¨Ø§Ø·,Ø§Ù„Ù…ØºØ±Ø¨,Rabat,Maroc,ğŸ‡²ğŸ‡¦,38,82.61,8,17.39,46,46,0,0,0,0.00,0,0.00,0,0.00,17.39
Ramallah,Ramala,Palestina,Ramallah,Palestine,Ramala,Palestina,Ø±Ø§Ù… Ø§Ù„Ù„Ù‡,Ø¯ÙˆÙ„Ø© ÙÙ„Ø³Ø·ÙŠÙ†,,,ğŸ‡µğŸ‡¸,584,90.54,61,9.46,645,676,0,0,22,3.25,9,1.34,0,0.00,9.46
Riade,Riade,ArÃ¡bia Saudita,Riyadh,Saudi Arabia,Riad,Arabia Saudita,Ø§Ù„Ø±ÙŠØ§Ø¶â€,Ø§Ù„Ø³Ø¹ÙˆØ¯ÙŠØ©,,,ğŸ‡¸ğŸ‡¦,38,67.86,18,32.14,56,58,0,0,2,3.45,0,0.00,0,0.00,32.14
Rio Branco,RÃ­o Branco,Uruguai,RÃ­o Branco,Uruguay,RÃ­o Branco,Uruguay,RÃ­o Branco,Uruguay,,,ğŸ‡ºğŸ‡¾,13,59.09,9,40.91,22,25,0,0,2,8.00,1,4.00,0,0.00,40.91
Rivera,Rivera,Uruguai,Rivera,Uruguay,Rivera,Uruguay,Rivera,Uruguay,,,ğŸ‡ºğŸ‡¾,0,0.00,0,0.00,0,0,0,0,0,0.00,0,0.00,0,0.00,0.00
Roma,Roma,ItÃ¡lia,Rome,Italy,Roma,Italia,Roma,Italia,,,ğŸ‡®ğŸ‡¹,2449,59.78,1648,40.22,4097,4278,0,0,81,1.89,100,2.34,0,0.00,40.22
Saint Johns,SÃ£o JoÃ£o,Antiga e Barbuda,St. John's,Antigua and Barbuda,Saint John,Antigua y Barbuda,St. John's,Antigua and Barbuda,,,ğŸ‡¦ğŸ‡¬,0,0.00,0,0.00,0,0,0,0,0,0.00,0,0.00,0,0.00,0.00
Salto Del GuairÃ¡,Salto Del GuairÃ¡,Paraguai,Salto Del GuairÃ¡,Paraguay,Salto Del GuairÃ¡,Paraguay,Salto Del GuairÃ¡,Paraguay,,,ğŸ‡µğŸ‡¾,29,5.02,549,94.98,578,588,0,0,6,1.02,4,0.68,0,0.00,94.98
Santa Cruz de La Sierra,Santa Cruz de la Sierra,BolÃ­via,Santa Cruz de la Sierra,Bolivia,Santa Cruz de la Sierra,Bolivia,Santa Cruz de la Sierra,Bolivia,Santa Krus llaqta,Buliwya,ğŸ‡§ğŸ‡´,138,13.69,870,86.31,1008,1022,0,0,8,0.78,6,0.59,0,0.00,86.31
Santiago,Santiago,Chile,Santiago,Chile,Santiago,Chile,Santiago,Chile,,,ğŸ‡¨ğŸ‡±,905,49.53,922,50.47,1827,1930,0,0,48,2.49,55,2.85,0,0.00,50.47
Sarajevo,Sarajevo,BÃ³snia e Herzegovina,Sarajevo,Bosnia and Herzegovina,Sarajevo,Bosnia y Herzegovina,Sarajevo,Bosna i Hercegovina,,,ğŸ‡§ğŸ‡¦,0,0.00,0,0.00,0,0,0,0,0,0.00,0,0.00,0,0.00,0.00
Seul,Seul,Coreia do Sul,Seoul,South Korea,SeÃºl,Corea del Sur,ì„œìš¸,ëŒ€í•œë¯¼êµ­,,,ğŸ‡°ğŸ‡·,126,64.29,70,35.71,196,213,0,0,8,3.76,9,4.22,0,0.00,35.71
Singapura,Singapura,Singapura,Singapore,Singapore,Singapur,Singapur,Singapore,Singapore,æ–°åŠ å¡,æ–°åŠ å¡,ğŸ‡¸ğŸ‡¬,230,63.71,131,36.29,361,402,0,0,26,6.47,15,3.73,0,0.00,36.29
St Georges de Loyapock,SÃ£o Jorge do Oiapoque,FranÃ§a,Saint-Georges-de-l'Oyapock,France,San Jorge de Oyapoque,Francia,Saint-Georges-de-l'Oyapock,France,,,ğŸ‡«ğŸ‡·,0,0.00,0,0.00,0,0,0,0,0,0.00,0,0.00,0,0.00,0.00
Sydney,Sydney,AustrÃ¡lia,Sydney,Australia,SÃ­dney,Australia,Sydney,Australia,,,ğŸ‡¦ğŸ‡º,3057,62.13,1863,37.87,4920,5163,0,0,146,2.83,97,1.88,0,0.00,37.87
SÃ£o Domingos,SÃ£o Domingos,RepÃºblica Dominicana,Santo Domingo,Dominican Republic,Santo Domingo,RepÃºblica Dominicana,Santo Domingo,RepÃºblica Dominicana,,,ğŸ‡©ğŸ‡´,80,36.70,138,63.30,218,226,0,0,4,1.77,4,1.77,0,0.00,63.30
SÃ£o Francisco,SÃ£o Francisco,Estados Unidos,San Francisco,United States,San Francisco,Estados Unidos,San Francisco,United States,,,ğŸ‡ºğŸ‡¸,2447,60.95,1568,39.05,4015,4165,0,0,84,2.02,66,1.58,0,0.00,39.05
SÃ£o JosÃ©,SÃ£o JosÃ©,Costa Rica,San JosÃ©,Costa Rica,San JosÃ©,Costa Rica,San JosÃ©,Costa Rica,,,ğŸ‡¨ğŸ‡·,166,45.36,200,54.64,366,386,0,0,13,3.37,7,1.81,0,0.00,54.64
SÃ£o Salvador,SÃ£o Salvador,El Salvador,San Salvador,El Salvador,San Salvador,El Salvador,San Salvador,El Salvador,,,ğŸ‡¸ğŸ‡»,27,38.03,44,61.97,71,72,0,0,1,1.39,0,0.00,0,0.00,61.97
SÃ£o TomÃ©,SÃ£o TomÃ©,SÃ£o TomÃ© e PrÃ­ncipe,SÃ£o TomÃ©,SÃ£o TomÃ© and PrÃ­ncipe,Santo TomÃ©,Santo TomÃ© y PrÃ­ncipe,SÃ£o TomÃ©,SÃ£o TomÃ© e PrÃ­ncipe,,,ğŸ‡¸ğŸ‡¹,0,0.00,0,0.00,0,0,0,0,0,0.00,0,0.00,0,0.00,0.00
SÃ³fia,SÃ³fia,BulgÃ¡ria,Sofia,Bulgaria,SofÃ­a,Bulgaria,Ğ¡Ğ¾Ñ„Ğ¸Ñ,Ğ‘ÑŠĞ»Ğ³Ğ°Ñ€Ğ¸Ñ,,,ğŸ‡§ğŸ‡¬,24,77.42,7,22.58,31,34,0,0,3,8.82,0,0.00,0,0.00,22.58
TaipÃ©,TaipÃ©,Taiwan,Taipei,Taiwan,TaipÃ©i,TaiwÃ¡n,å°åŒ—,å°ç£,,,ğŸ‡¹ğŸ‡¼,101,43.35,132,56.65,233,245,0,0,5,2.04,7,2.86,0,0.00,56.65
Talin,Talin,EstÃ´nia,Tallinn,Estonia,Tallin,Estonia,Tallinn,Eesti,,,ğŸ‡ªğŸ‡ª,156,87.15,23,12.85,179,191,0,0,11,5.76,1,0.52,0,0.00,12.85
Tbilisi,TiblÃ­ssi,GeÃ³rgia,Tbilisi,Georgia,Tiflis,Georgia,áƒ—áƒ‘áƒ˜áƒšáƒ˜áƒ¡áƒ˜,áƒ¡áƒáƒ¥áƒáƒ áƒ—áƒ•áƒ”áƒšáƒ,,,ğŸ‡¬ğŸ‡ª,0,0.00,0,0.00,0,0,0,0,0,0.00,0,0.00,0,0.00,0.00
TeerÃ£,TeerÃ£,IrÃ£,Tehran,Iran,TeherÃ¡n,IrÃ¡n,ØªÙ‡Ø±Ø§Ù†,Ø§ÛŒØ±Ø§,,,ğŸ‡®ğŸ‡·,8,47.06,9,52.94,17,18,0,0,1,5.56,0,0.00,0,0.00,52.94
Tegucigalpa,Tegucigalpa,Honduras,Tegucigalpa,Honduras,Tegucigalpa,Honduras,Tegucigalpa,Honduras,,,ğŸ‡­ğŸ‡³,29,38.16,47,61.84,76,79,0,0,1,1.27,2,2.53,0,0.00,61.84
Tel Aviv,Tel Aviv,Israel,Tel Aviv,Israel,Tel Aviv,Israel,×ª×œÖ¾××‘×™×‘,×™×©×¨××œ,,,ğŸ‡®ğŸ‡±,353,46.57,405,53.43,758,814,0,0,23,2.83,33,4.05,0,0.00,53.43
Tirana,Tirana,AlbÃ¢nia,Tirana,Albania,Tirana,Albania,TiranÃ«,ShqipÃ«ria,,,ğŸ‡¦ğŸ‡±,0,0.00,0,0.00,0,0,0,0,0,0.00,0,0.00,0,0.00,0.00
Toronto,Toronto,CanadÃ¡,Toronto,Canada,Toronto,CanadÃ¡,Toronto,Canada,,,ğŸ‡¨ğŸ‡¦,5188,55.79,4111,44.21,9299,9704,0,0,239,2.46,166,1.71,0,0.00,44.21
TrÃ­poli,TrÃ­poli,LÃ­bia,Tripoli,Libya,TrÃ­poli,Libia,Ø·Ø±Ø§Ø¨Ù„Ø³,Ù„ÙŠØ¨ÙŠØ§,,,ğŸ‡±ğŸ‡¾,0,0.00,0,0.00,0,0,0,0,0,0.00,0,0.00,0,0.00,0.00
Tunis,Tunis,Tunes,Tunis,Tunisia,TÃºnez,TÃºnez,ØªÙˆÙ†Ø³,ØªÙˆÙ†Ø³,Tunis,Tunisie,ğŸ‡¹ğŸ‡³,8,66.67,4,33.33,12,12,0,0,0,0.00,0,0.00,0,0.00,33.33
TÃ³quio,TÃ³quio,JapÃ¢o,Tokyo,Japan,Tokio,JapÃ³n,æ±äº¬,æ—¥æœ¬,,,ğŸ‡¯ğŸ‡µ,2454,19.67,10020,80.33,12474,13493,0,0,401,2.97,618,4.58,0,0.00,80.33
Uagadugu,Uagadugu,Burquina Fasso,Ouagadougou,Burkina Faso,UagadugÃº,Burkina Faso,Ouagadougou,Burkina Faso,,,ğŸ‡§ğŸ‡«,0,0.00,0,0.00,0,0,0,0,0,0.00,0,0.00,0,0.00,0.00
Vancouver,Vancouver,CanadÃ¡,Vancouver,Canada,Vancouver,CanadÃ¡,Vancouver,Canada,,,ğŸ‡¨ğŸ‡¦,3442,63.48,1980,36.52,5422,5720,0,0,181,3.16,117,2.05,0,0.00,36.52
VarsÃ³via,VarsÃ³via,PolÃ´nia,Warsaw,Poland,Varsovia,Polonia,Warszawa,Polska,,,ğŸ‡µğŸ‡±,212,75.71,68,24.29,280,288,0,0,5,1.74,3,1.04,0,0.00,24.29
Vaticano,Vaticano,Vaticano,Vatican,Vatican,Vaticano,Vaticano,Vaticanae,Vaticanae,,,ğŸ‡»ğŸ‡¦,0,0.00,0,0.00,0,0,0,0,0,0.00,0,0.00,0,0.00,0.00
Viena,Viena,Ãustria,Vienna,Austria,Viena,Austria,Wien,Ã–sterreich,,,ğŸ‡¦ğŸ‡¹,960,71.70,379,28.30,1339,1407,0,0,35,2.49,33,2.34,0,0.00,28.30
Washington,Washington,Estados Unidos,Washington,United States,Washington,Estados Unidos,Washington,United States,,,ğŸ‡ºğŸ‡¸,2552,50.57,2494,49.43,5046,5228,0,0,84,1.61,98,1.87,0,0.00,49.43
Wellington,Wellington,Nova ZelÃ¢ndia,Wellington,New Zealand,Wellington,Nueva Zelanda,Wellington,New Zealand,Te Whanga-nui-a-Tara,Aotearoa,ğŸ‡³ğŸ‡¿,389,70.34,164,29.66,553,569,0,0,9,1.58,7,1.23,0,0.00,29.66
Windhoek,Vinduque,NamÃ­bia,Windhoek,Namibia,Windhoek,Namibia,Windhoek,NamibiÃ«,Windhoek,Namibia,ğŸ‡³ğŸ‡¦,4,11.43,31,88.57,35,36,0,0,1,2.78,0,0.00,0,0.00,88.57
Xangai,Xangai,China,Shanghai,China,ShanghÃ¡i,China,ä¸Šæµ· ,ä¸­å›½,ä¸Šæµ·,ä¸­åœ‹,ğŸ‡¨ğŸ‡³,125,66.84,62,33.16,187,194,0,0,4,2.06,3,1.55,0,0.00,33.16
Yangon,Yangon,Mianmar,Yangon,Myanmar,RangÃºn,Myanmar,á€›á€”á€ºá€€á€¯á€”á€º,á€™á€¼á€”á€ºá€™á€¬á€”á€­á€¯á€„á€ºá€„á€¶,,,ğŸ‡²ğŸ‡²,0,0.00,0,0.00,0,0,0,0,0,0.00,0,0.00,0,0.00,0.00
Zagreb,Zagreb,CroÃ¡cia,Zagreb,Croatia,Zagreb,Croacia,Zagreb,Hrvatska,,,ğŸ‡­ğŸ‡·,26,63.41,15,36.59,41,42,0,0,1,2.38,0,0.00,0,0.00,36.59
Zurique,Zurique,SuiÃ§a,Zurich,Switzerland,ZÃºrich,Suiza,ZÃ¼rich,Schweiz,Zurich,Suisse,ğŸ‡¨ğŸ‡­,3189,53.59,2762,46.41,5951,6225,0,0,149,2.39,125,2.01,0,0.00,46.41
